Account No,Full Name,Balance,PIN
1234,Alice Smith,10000.75,1234
5678,Bob Johnson,45.20,5566
1357,Charlie Brown,3200.00,9876
2468,Diana Prince,890.50,1111
9876,Ethan Hunt,50000.00,0007

        /*
         * CHECKING IF THE ACCOUNT IS PRESENT THEN AUTHENTICATE WITH THE PIN
         * OPTION 1:
         * for(BankAccount a: accounts){
         * if(a.getAcctNo().equals(acctNo)){
         * newSessionUser = a; //assign to new session user if match is found
         * break;
         * }
         * }
         * //try if account exist then check PIN
         * if(newSessionUser != null){
         * if(newSessionUser.getPin() == pin){
         * System.out.println("Welcome...");
         * //begin transaction
         * beginTransaction(newSessionUser);
         * }else{
         * System.out.println("Sorry try again...");
         * }
         * }else{
         * System.out.println("Sorry try again...");
         * }
         * 
         */

        /*
         * public static boolean match(param){
         * return property == param
         * }
         * 
         */
        // OPTION 2
        // Optional<BankAccount> newSessionUser = accounts.stream().filter(account -> {
        // return account.getAcctNo().equals(acctNo);
        // } ).findFirst();